{"cameraMode":{"drawMode":0,"name":"Shaded","section":"Shading Mode"},"sceneLighting":false,"audioPlay":false,"sceneViewState":{"showFog":true,"showMaterialUpdate":false,"showSkybox":false,"showFlares":true,"showImageEffects":true,"showParticleSystems":true},"in2DMode":false,"pivot":{"x":-0.05028736591339111,"y":1.5592126846313477,"z":-0.08932983875274658},"rotation":{"x":-0.15715400874614716,"y":0.01063671987503767,"z":-0.001770909526385367,"w":-0.9875656366348267},"size":5.334006309509277,"orthographic":false}