{"cameraMode":{"drawMode":0,"name":"Shaded","section":"Shading Mode"},"sceneLighting":true,"audioPlay":false,"sceneViewState":{"showFog":true,"showMaterialUpdate":false,"showSkybox":true,"showFlares":true,"showImageEffects":true,"showParticleSystems":true},"in2DMode":false,"pivot":{"x":620.1754760742188,"y":268.13824462890627,"z":-5.95721435546875},"rotation":{"x":-0.14060033857822419,"y":-0.065194271504879,"z":0.008638293482363224,"w":-0.9880566596984863},"size":762.4330444335938,"orthographic":false}