{"cameraMode":{"drawMode":0,"name":"Shaded","section":"Shading Mode"},"sceneLighting":false,"audioPlay":false,"sceneViewState":{"showFog":true,"showMaterialUpdate":false,"showSkybox":false,"showFlares":true,"showImageEffects":true,"showParticleSystems":true},"in2DMode":false,"pivot":{"x":-8.550000190734864,"y":1.9329813718795777,"z":-1.2300788164138795},"rotation":{"x":-0.09440729767084122,"y":0.8842915892601013,"z":-0.20410628616809846,"w":-0.40933892130851748},"size":25.77976417541504,"orthographic":false}