{"cameraMode":{"drawMode":0,"name":"Shaded","section":"Shading Mode"},"sceneLighting":false,"audioPlay":false,"sceneViewState":{"showFog":true,"showMaterialUpdate":false,"showSkybox":false,"showFlares":true,"showImageEffects":true,"showParticleSystems":true},"in2DMode":false,"pivot":{"x":55.58491897583008,"y":-0.20401716232299806,"z":-0.05339610576629639},"rotation":{"x":-0.14644885063171388,"y":0.6554883122444153,"z":-0.13180086016654969,"w":-0.729130744934082},"size":14.810832977294922,"orthographic":false}