{"cameraMode":{"drawMode":0,"name":"Shaded","section":"Shading Mode"},"sceneLighting":false,"audioPlay":false,"sceneViewState":{"showFog":true,"showMaterialUpdate":false,"showSkybox":false,"showFlares":true,"showImageEffects":true,"showParticleSystems":true},"in2DMode":false,"pivot":{"x":57.26357650756836,"y":-0.15269970893859864,"z":2.2687511444091799},"rotation":{"x":0.15309812128543855,"y":-0.6167886853218079,"z":0.12402074784040451,"w":0.7621719241142273},"size":9.492473602294922,"orthographic":false}